DateTime;Tweet Id;Text
2020-10-15 21:29:45;1316853796207644672;principalmente pros meus pais que tentam dar aula online com eu estando na mesma casa que eles kkjkknb
2020-10-15 21:28:43;1316853534328000512;aula online √© bao demais p analise de egos alheios
2020-10-15 21:28:03;1316853369290588160;Fico passada o tanto de gente incr√≠vel q acabei conhecendo dando aula online mtas trocas sempre saio fervendooo
2020-10-15 21:27:30;1316853229683183618;@p_ramos1 acordar 5 minutos antes da aula online √© pior do que acordar 1 hora antes da presencial, enfim
2020-10-15 21:27:24;1316853204718682114;"vantagens da quarentena para mim: 
- Conheci os casas do Twitter e mt gnt legal
- Posi√ß√£o pol√≠tica mudou
- Evolui n‚Ä¶ https://t.co/B8JXrJQTwy"
2020-10-15 21:25:21;1316852687879770113;tentando n rir de memes com a camera da aula online ligada enquanto falam sobre um assunto s√©rio
2020-10-15 21:25:19;1316852681609273350;"J√° mandou uma mensagem praquele/a professor/a que marcou sua trajet√≥ria pra agradec√™-lo/a por isso? üíú

Feliz dia a‚Ä¶ https://t.co/wI4CuRqW0S"
2020-10-15 21:24:30;1316852474129666049;minha madrinha avisou que vinha dar aula aqui em casa pq tava na rua e n dava tempo de voltar pra dela, a√≠ meu irm√£‚Ä¶ https://t.co/097IUdAFHa
2020-10-15 21:23:26;1316852203999703041;RT @RodrigoMenegat: Contexto gen√©rico, pelo que minha m√£e me contou: em uma aula online de arte ou algo assim, esse professor usou uma cami‚Ä¶
2020-10-15 21:22:11;1316851890420879360;n√£o tenho nem palavras pra descrever meu √ìDIO de aula online por motivos de n√£o tenho internet em casa e tenho que‚Ä¶ https://t.co/lmPdbqyUus
2020-10-15 21:21:42;1316851770921025537;acho q vo repetir online pprt, nao consigo assistir uma aula sem me destrair c qlqr coisa mlq
2020-10-15 21:21:38;1316851751178436609;Dia estressante : quest√µes,  prova, simulado, aula online, indireta no instagram... O dia de hoje t√° promentendo um surto
2020-10-15 21:19:25;1316851194715930634;N√£o estou mais aguentando essa bosta de aula online
2020-10-15 21:19:10;1316851130970910720;√â isso ai rapaziada bora l√° pra 1h de aula online ser√° que vou aguentar? N√£o sei, mas quem sabe?
2020-10-15 21:18:19;1316850917812166656;√â vdd, na aula de hj meu professor falou quase chorando que √± era a mesma coisa ensinado online, que sentia muita s‚Ä¶ https://t.co/vXUp9O3V3o
2020-10-15 21:17:24;1316850686659833856;Senai √© Senai n√© porra, os caras conseguiram fazer com que tenha apenas 8 alunos por laborat√≥rio sem deixar ningu√©m‚Ä¶ https://t.co/PlLMrg8z7c
2020-10-15 21:16:29;1316850456136757248;"Mam√£e continua vindo conversar comigo na hora da aula e quando a aula acaba, ela para de conversar. 
Aula online √© bagun√ßa at√© para os pais."
2020-10-15 21:16:22;1316850428395618305;"Minha Internet est√° bem lenta
Agora cabe a decis√£o vejo a aula online ou continuo baixando o jogo no videogame?"
2020-10-15 21:14:33;1316849968477614082;1 aula na sexta de manh√£ e √© online? Vou l√° aparecer bues vezes.....
2020-10-15 21:14:08;1316849867172581376;faltar aula online hj pra conseguir estudar pra aula de amanh√£ sendo q tenho prova semana que vem üëç
2020-10-15 21:13:47;1316849776416239617;Dude como √© que se reage qnd se est√° em aula online e o stor come√ßa a raspar os chorar? Eu at√© dava um abra√ßo, mas estou em casa...
2020-10-15 21:12:34;1316849470152347648;Descobri que n√£o tenho nenhum saco pra aula online. Tenho vontade de esganar aluno chato que quer mostrar presen√ßa
2020-10-15 21:10:04;1316848842076303361;Assistindo palestra online e a Shirley metendo conte√∫do de aula ü§Øü§Ø
2020-10-15 21:09:45;1316848762678063106;@jxdnglows_ eu n√£o tinha pegado a minha atividade, a√≠ como a aula √© online, eu nem entrei na sala KK
2020-10-15 21:06:07;1316847846465957890;RT @RodrigoMenegat: Contexto gen√©rico, pelo que minha m√£e me contou: em uma aula online de arte ou algo assim, esse professor usou uma cami‚Ä¶
2020-10-15 21:05:13;1316847622116782080;RT @clarahanek: melhor coisa da aula online √© conhecer os animaizinhos dos professores
2020-10-15 21:04:50;1316847524855058433;hoje tenho aula de fotografia ONLINE, af queria ter essa aula presencial, cu de corona virus do caraio üòñü§ßüò¢
2020-10-15 21:04:11;1316847361600163840;Merm√£o, minha autoescola deu a op√ß√£o de ser presencial ou online, at√© a√≠ tudo bem. Escolhi a op√ß√£o de presencial e‚Ä¶ https://t.co/v9NdbmMSNX
2020-10-15 21:03:10;1316847107182145536;meu icon da aula online √© um gatinho
2020-10-15 21:03:02;1316847074269433856;"ou eu sou muito burro ou tem algo PARANORMAL me impedindo de assistir aula online
pelo menos t√¥ lendo os textos e fazendo os trabalhos"
2020-10-15 20:59:40;1316846225812008965;Hj corri atr√°s de um headset pra assistir aula online,da√≠ onde entrava ,l√° vinha o povo medir temperatura no pulso,‚Ä¶ https://t.co/DNh0dclNfj
2020-10-15 20:59:11;1316846104353427457;@ROSIEDATES pq no √∫ltimo close ele parece que t√° batendo punheta mas querendo disfar√ßar pq t√° em aula online
2020-10-15 20:58:20;1316845888011202561;tava vendo aqui e at√© pra aula ONLINE eu consigo me atrasar
2020-10-15 20:57:49;1316845761129254912;RT @RodrigoMenegat: Contexto gen√©rico, pelo que minha m√£e me contou: em uma aula online de arte ou algo assim, esse professor usou uma cami‚Ä¶
2020-10-15 20:56:45;1316845490995163137;eu me sinto exatamente assim fazendo uma aula de 11 (onze) minutos de qualquer curso online https://t.co/AnhqNlLUNg
2020-10-15 20:55:56;1316845284857647105;Aula online de hj: + de 5h de aula direto, todo mundo chateado pq passou muito o tempo, a√≠ o cara se emociona no fi‚Ä¶ https://t.co/pPEGWSpWc3
2020-10-15 20:55:47;1316845246572113920;O bom da aula online √© q eu posso fazer an√°lise de dados, traduzir e assistir aula ao mesmo tempo
2020-10-15 20:55:26;1316845158084890625;RT @RodrigoMenegat: Contexto gen√©rico, pelo que minha m√£e me contou: em uma aula online de arte ou algo assim, esse professor usou uma cami‚Ä¶
2020-10-15 20:53:54;1316844775753093122;"eu n√£o entendo a simplicidade com que ela fala ""assisti aula online"" pq pra mim isso √© a pior / mais cansativa cois‚Ä¶ https://t.co/xMPR2pNXMO"
2020-10-15 20:53:45;1316844734179094533;@lnlybby Esse Bang de aula online t√° funcionando !!? Pq eu simplesmente t√¥ me fazendo de desentendido kkkk fazendo nada nessa caralho
2020-10-15 20:53:26;1316844655556911106;Tenho um professor que √© super engra√ßado. A semana passada tive aula presencial, com a m√°scara n√£o me via a rir. Ho‚Ä¶ https://t.co/w8QvDX5vS5
2020-10-15 20:52:23;1316844390392922112;Nunca sei quando tenho aula presencial ou online
2020-10-15 20:50:32;1316843926985281537;Eita climinha bom pra colocar a aula online pra tocar no minimo, comer um brigadeiro, me enrolar na coberta e dormir
2020-10-15 20:50:15;1316843853123596288;"@TormentedSmoker N√£o fale isso, meu amigo

N√£o aguento mais aula online, estou me sentindo um vagabundo"
2020-10-15 20:49:48;1316843742222069760;Pensando em come√ßar um curso online na minha √°rea mas tenho medo de pagar e n√£o conseguir me concentrar. Sou p√©ssimo para aula online
2020-10-15 20:49:17;1316843612781584389;minha professora acabou de falar que se a gente tivesse tendo aula presencial a gente teria dissecado um sapo no bi‚Ä¶ https://t.co/iJT498Yvx9
2020-10-15 20:49:14;1316843599875768331;"RT @aagustmoon: taekook au üîû

onde taehyung e jungkook se odeiam desde sempre e na aula online o mais novo acaba confessando sem querer o q‚Ä¶"
2020-10-15 20:45:04;1316842550725160966;"@FariassNando mas o professor s√≥ faz o trabalho dele (?)
todos n√≥s sabemos que √© super complicado aprender nas aula‚Ä¶ https://t.co/Ki5bPOQfLz"
2020-10-15 20:45:00;1316842533939535872;Hoje √© dia de aula pr√°tica na escola, at√© que enfim n√£o aguentava mais online. Pena que √© uma vez na semana s√≥ ü•∫
2020-10-15 20:42:56;1316842015775170560;Como n√£o dormir na aula online Google pesquisar
2020-10-15 20:41:55;1316841757003444224;"Sou muito aben√ßoado em ter a Helusa na minha vida. Amo demais essa mulher
Acabou de entrar no quarto com um lanche‚Ä¶ https://t.co/oEYQiYzNuq"
2020-10-15 20:41:49;1316841732823298052;"Professora marca prova online fora do hor√°rio da aula.
""Prof., esse hor√°rio eu trabalho, pode aumentar em 2h o temp‚Ä¶ https://t.co/vAZnpjZPIz"
2020-10-15 20:41:46;1316841722203250695;"Ontem foi a aula de estreia do novo formato do curso ""Finan√ßas e Investimentos Inteligente"". Devido √†s circunst√¢nci‚Ä¶ https://t.co/rQX3KWquUO"
2020-10-15 20:41:29;1316841648157085699;Aula online de duas horas durou quase 3, adoro ensino a dist√¢ncia :-)
2020-10-15 20:41:27;1316841640414371840;"tarefa da aula online
assunto imigra√ß√£o 
4¬∞ ano

""mas assim a professora n√£o vai entender""
""vamo fazer do jeito que‚Ä¶ https://t.co/P37xSmrzTi"
2020-10-15 20:38:11;1316840816653017088;dormi tarde toda e perdi as aula online
2020-10-15 20:37:42;1316840697824268288;Sem falar dos cachorros que latem mais que tudo atrapalhando minha participa√ß√£o na sala online pq quando os cachorr‚Ä¶ https://t.co/J1QFQgTVbL
2020-10-15 20:37:35;1316840666899546113;Expectativa: ah, vou fazer um lanchinho antes de come√ßar a aula online, pra eu n√£o ficar com fome no meio da aula e‚Ä¶ https://t.co/D7khDKEAOR
2020-10-15 20:36:35;1316840414020800514;"Assistir aula online: ECA

Ao inv√©s disso, assistir mvs dos Gotinhos: Q DEL√çCIA

@GOT7Official #GOT7"
2020-10-15 20:36:05;1316840291119267841;RT @_kaaren: @taynaarab Tudo normal na aula online da teacher Tay hauheauheua feliz dia, lindona üíó
2020-10-15 20:36:00;1316840270093312001;"RT @TihWill: Feliz dia do ""professor, √© para assistir aula online de uniforme?""

(Adaptado para os dias atuais)

#diadoprofessor"
2020-10-15 20:35:48;1316840219686113284;Neg√≥cio de aula online ta me salvando pq se √± fosse isso eu ja estaria sem celular a muito tempo
2020-10-15 20:34:51;1316839979851689995;Eu n√£o tenho √¢nimo nenhum pra aula online v√©i
2020-10-15 20:33:09;1316839550921003009;a prova de q eu t√¥ acabada mas t√¥ tentando ainda √© eu ta chorando sem conseguir parar mas ainda sim respondo a prof na aula online
2020-10-15 20:29:40;1316838676207460355;eu mesma n t√¥ assistindo aula online nem fazendo tarefa nenhuma pq prefiro reprovar do q passar sem saber merda nen‚Ä¶ https://t.co/gdyEGWCmVH
2020-10-15 20:28:41;1316838429292986368;toda quinta √© esse des√¢nimo pra aula online de noite üò≠
2020-10-15 20:27:13;1316838060668182530;"vantagens da quarentena para mim: 
- conheci muita gente legal no Twitter
- todas minhas posi√ß√µes pol√≠ticas mudaram‚Ä¶ https://t.co/Nw63AnHJ9z"
2020-10-15 20:26:42;1316837927608102912;Eu assisitindo aula online: 5 minutos presto aten√ß√£o, recebo whatsapp, me perco toda, decido dar uma voltinha nas r‚Ä¶ https://t.co/inT4zGMxOt
2020-10-15 20:26:20;1316837835379531778;"Cen√°rio: Aula da Suzana

-geral quieto na aula online, ouvindo a explica√ß√£o e afins.-

Walter do nada: O POVO

eu f‚Ä¶ https://t.co/HSxeeagvjs"
2020-10-15 20:25:14;1316837559473930247;o dia que ele desligou a live pq tinha um menino deixando de assistir aula online pra ver a live dele https://t.co/wt5pPj0A2S
2020-10-15 20:24:22;1316837342842441728;RT @Leonard_nandes: N AGUENTO MAIS ESSA PORRA DE AULA ONLINE, VAI TOMAR NO CU MUNDO
2020-10-15 20:23:09;1316837035186020368;Eu sempre so aquela q fere os ouvidos dos outros quando fala na aula online https://t.co/993iuPMqpL
2020-10-15 20:23:00;1316836996640313348;"RT @danilo_bonini: pessoal to dando aula de viol√£o presencial (respeitando as normas de seguran√ßa) e online tamb√©m
divulga pra mim pfv e ca‚Ä¶"
2020-10-15 20:21:53;1316836717597347841;TENDO aula online e passando tempo no twitter, facebook, troc e enjoei. prazer, eu. sem disciplina nenhuma. como se‚Ä¶ https://t.co/qW48UJMIVW
2020-10-15 20:21:48;1316836696604934144;hj na aula online mandei um v√≠deo na piscina (uma apresenta√ß√£o improvisada) e cajaiba disse que era do meu condom√≠nio. enfim o falso burgu√™s
2020-10-15 20:20:25;1316836345269104649;"@carolymrr irma, kkkk eu to procurando sobre o tema com pessoal que sigo pq acabei de ver umas aulas
ce viu aula on‚Ä¶ https://t.co/5CyGkSrX2d"
2020-10-15 20:20:16;1316836310968139776;ser√° que valeria a pena voltar a fazer aula de canto online? eu n√£o aguento mais n√£o conseguir cantar como eu cantava antes
2020-10-15 20:19:42;1316836166637883392;@gguklittleone sarinha eu sempre fui ruim :( at√© com as pessoas proximas a min eu fico nervosa e come√ßo a travar (i‚Ä¶ https://t.co/cdEJKIFR0P
2020-10-15 20:18:14;1316835797623021569;Abandonando chopp pra ver aula online
2020-10-15 20:18:08;1316835772805324806;"RT @TihWill: Feliz dia do ""professor, √© para assistir aula online de uniforme?""

(Adaptado para os dias atuais)

#diadoprofessor"
2020-10-15 20:17:12;1316835536594767873;EU NAO QUERO TER AULA ONLINE NAO QUERO NAO QUERO
2020-10-15 20:16:50;1316835446245273603;tem um cara na minha aula online que eu tenho mt crush, da√≠ quando eu olho pra janela que aparece ele eu fico imagi‚Ä¶ https://t.co/grLJWUls0J
2020-10-15 20:16:33;1316835372333256705;"Aii mds eu que dormi na aula online da Keila KKKKKK eu tava l√° na sala "" meet"" e n√£o tinha mais ningu√©m kkkkkkk"
2020-10-15 20:15:17;1316835056992882690;RT @Leonard_nandes: N AGUENTO MAIS ESSA PORRA DE AULA ONLINE, VAI TOMAR NO CU MUNDO
2020-10-15 20:14:03;1316834744668229637;Jogar among us na aula online √© a coisa mais divertida do mundo :)
2020-10-15 20:13:37;1316834636480360459;Pq fui inventar de fazer as aula online
2020-10-15 20:13:11;1316834526073696263;Tenho nem coragem de da parab√©ns p as professoras no grupo da sala, n√£o apareci em nenhuma aula online
2020-10-15 20:12:54;1316834456582455297;... contribuindo para piorar esta condi√ß√£o em que n√≥s, alunos da @ufjf, nos encontramos. O processo quer dar aula t‚Ä¶ https://t.co/8prEH4oWI8
2020-10-15 20:11:32;1316834111999352833;"meu deus √© IMPOSSIVEL ter aula online aq em casa 
dois irm√£os mais novos uma m√£e doida e dois cachorros"
2020-10-15 20:11:22;1316834068160548868;hoje a aula online foi so pra passar vergonha misericordia nunca mais
2020-10-15 20:11:02;1316833983989256198;Vou ler pwp na aula online mesmo, vai que eu vivo uma au sem querer
2020-10-15 20:09:36;1316833625137131525;Kkkkkkkkkkk ufa kkk aula online √© meu piru kkkkkk https://t.co/5knLNuARLE
2020-10-15 20:09:16;1316833540894588928;"Programa Online de Atualiza√ß√£o em Pneumologia

Na pr√≥xima segunda-feira, 19/10, a partir das 20h, ser√° transmitida‚Ä¶ https://t.co/USQiPCdYBY"
2020-10-15 20:08:05;1316833243874971648;J√° parou para pensar nos reflexos do ensino √† dist√¢ncia para a educa√ß√£o b√°sica para crian√ßas e adolescentes? Entre‚Ä¶ https://t.co/qJUEofP97F
2020-10-15 20:07:38;1316833131064897539;RT @RodrigoMenegat: Contexto gen√©rico, pelo que minha m√£e me contou: em uma aula online de arte ou algo assim, esse professor usou uma cami‚Ä¶
2020-10-15 20:06:18;1316832794853756928;RT @RodrigoMenegat: Contexto gen√©rico, pelo que minha m√£e me contou: em uma aula online de arte ou algo assim, esse professor usou uma cami‚Ä¶
2020-10-15 20:05:14;1316832524321140746;"Quase desmaiei no meio da aula online. Minha c√¢mera tava ligada :))

Boa tarde"
2020-10-15 20:04:58;1316832459456221186;@Dbarsant Pras crian√ßas estarem tendo aula online e para o professor ter sido demitido, certamente √© uma escola particular
2020-10-15 20:04:30;1316832340275011585;quando tava no mundo do circo morria de medo de invertida/parada de m√£o (apesar de fazer quedas com + de 5 metros d‚Ä¶ https://t.co/CEOYKwDEkS
2020-10-15 20:02:26;1316831823306141711;"RT @danilo_bonini: pessoal to dando aula de viol√£o presencial (respeitando as normas de seguran√ßa) e online tamb√©m
divulga pra mim pfv e ca‚Ä¶"
2020-10-15 20:01:30;1316831586583818240;@educardinal A aula online do meu filho √©  um pouco mais curta do que a presencial, devolveram um %
2020-10-15 20:01:07;1316831489435348998;RT @Leonard_nandes: N AGUENTO MAIS ESSA PORRA DE AULA ONLINE, VAI TOMAR NO CU MUNDO
2020-10-15 20:00:49;1316831415779065857;Vai se fude t√° falando sobre koreaninho veado na minha aula online , tomanoku #iFunny https://t.co/PSCAdQUD9D
2020-10-15 19:59:59;1316831205258649608;ela esperava ficar a tarde toda lendo au, recebeu aula online
2020-10-15 19:59:14;1316831016397414400;precisamos falar sobre a solid√£o do professor que n√£o aguenta mais dar aula online (e s√≥ quer umas f√©rias)
2020-10-15 19:58:11;1316830751955054600;"gnt n d√° eu to de boa e bate o sono
to online em td aula mas terei q rever tds pq passo a aula td dormindo aaa"
2020-10-15 19:58:01;1316830711949725697;Quem me escuta falando com tanta convic√ß√£o nas aulas online nem imagina que eu to com a blusa do pijama e de calcinha assistindo aula
2020-10-15 19:57:11;1316830498686218241;eu consigo passar vergonha at√© em aula online
2020-10-15 19:57:09;1316830490163384323;mais uma sess√£o de tortura ira come√ßar (aula online
2020-10-15 19:55:50;1316830159757025281;T√° bom, chega de novela... E vamos de mais aula online mds.
2020-10-15 19:55:32;1316830083571646465;@lelekreis @A_Mendonca04 Amiga tou a ter aula online agora ahahahah hoje n√£o fui a faculdade üé•
2020-10-15 19:54:54;1316829925165477895;ead mostrou q aula online nenhuma consegue substituir totalmente bem um professor em sala de aula. feliz dia dos professores
2020-10-15 19:51:16;1316829010794631169;desculpa mas √†s vezes eu s√≥ queria aula online em v√≠deo t√£o simples sem intera√ß√µes sem participa√ß√£o ativa pode aume‚Ä¶ https://t.co/VIntxfOhaj
2020-10-15 19:50:40;1316828861267619841;Outra me dizendo que mesmo com pouco tempo de trabalho notou que sou uma boa professora. Pra esses pais o ano acabo‚Ä¶ https://t.co/Uib5rlYZYK
2020-10-15 19:49:01;1316828445830250496;@Belle_1871 Apenas gritaria na aula online
2020-10-15 19:48:20;1316828272743919624;@Angelin60483915 E eu q tava na live e na aula online, e do nada minha professora da uma puta grito alto, meu cora√ß‚Ä¶ https://t.co/PKhEdSyXmN
2020-10-15 19:47:18;1316828011921104898;RT @ufmamilgrau: 5 min na aula online//a madrugada inteira no Instagram https://t.co/YGTObZcHRC
2020-10-15 19:46:39;1316827851497365505;Euüòî to titi com saudade de dar aula at√© aula onlineüòîüòîüòî üòî https://t.co/D4pUSfieLG
2020-10-15 19:45:29;1316827555916394498;acho q chutei o balde da aula online mrm, tenho cabe√ßa pra isso n√£o
2020-10-15 19:45:27;1316827546370150403;RT @RodrigoMenegat: Contexto gen√©rico, pelo que minha m√£e me contou: em uma aula online de arte ou algo assim, esse professor usou uma cami‚Ä¶
2020-10-15 19:41:46;1316826619021983744;muito ansioso pela experi√™ncia amaldi√ßoada que vai ser ter libras por aula online
2020-10-15 19:40:53;1316826396380016643;"RT @danilo_bonini: pessoal to dando aula de viol√£o presencial (respeitando as normas de seguran√ßa) e online tamb√©m
divulga pra mim pfv e ca‚Ä¶"
2020-10-15 19:40:26;1316826283649781761;chorei na aula online
2020-10-15 19:38:04;1316825690424123395;@Tatiane20119681 @folha Mas os professores est√£o lutando para dar as aulas online. Fa√ßo curso de l√≠nguas pela rede‚Ä¶ https://t.co/qHyEEkqNdf
2020-10-15 19:37:54;1316825649206755330;mais uma vez eu durmo na aula online e quando eu acordo so tem eu na sala
2020-10-15 19:37:46;1316825613198602246;"RT @affsfagner2: mente vazia, oficina do ""sera que minha camera ta aberta na aula online?"""
2020-10-15 19:37:33;1316825559733809153;Acho q minha prof da aula online √© e-girl
2020-10-15 19:37:25;1316825527135674371;"Aula online:üò°üò†üôÑü§Øü§Æü§Æ
Ela fazendo delineado: ü•∞ü•∞ü•∞üòçü§©üòç https://t.co/qT318SNdKj"
2020-10-15 19:36:58;1316825413767888897;t√° bom glr j√° entendi q aula online parece espiritismo
2020-10-15 19:36:18;1316825246746501123;Ao mesmo tempo n√£o √© surpresa nenhuma j√° que no resto do ano tenho visto colegas se matando pra fazer um conte√∫do o‚Ä¶ https://t.co/MVnOC4ltr3
2020-10-15 19:35:27;1316825029837979649;"minha irm√£ o tempo todo na aula online üò¥üò¥üôÑüôÑüòêüòêüòëüòë
minha irm√£ quando a proposta envolve atuar, dan√ßar, qualquer coisa ligado a artes üòçüòçü§©ü§©üòúüòúü§™ü§™"
2020-10-15 19:35:13;1316824972724183041;@taemvoir nao, e nem quando come√ßou a aula online
2020-10-15 19:33:53;1316824637603565569;"Agora √© tudo de uma vez n√©, aula pr√°tica da CNH, est√°gio presencial e aulas online pela manh√£ e noite!

Deus, eu qu‚Ä¶ https://t.co/uIXMvEokzq"
2020-10-15 19:32:12;1316824214947663875;@Loud_Jordanxp saudades de quando sua live era na hora da minha aula online
2020-10-15 19:31:48;1316824112514433034;fui entrar na sala de aula no meet e naquela tela inicial que vc v√™ quem j√° t√° naquela reuni√£o, antes de entrar na‚Ä¶ https://t.co/73JEWTikXc
2020-10-15 19:31:06;1316823936328400896;"RT @danilo_bonini: pessoal to dando aula de viol√£o presencial (respeitando as normas de seguran√ßa) e online tamb√©m
divulga pra mim pfv e ca‚Ä¶"
2020-10-15 19:30:58;1316823902111313924;RT @RodrigoMenegat: Contexto gen√©rico, pelo que minha m√£e me contou: em uma aula online de arte ou algo assim, esse professor usou uma cami‚Ä¶
2020-10-15 19:30:18;1316823733894623232;RT @RodrigoMenegat: Contexto gen√©rico, pelo que minha m√£e me contou: em uma aula online de arte ou algo assim, esse professor usou uma cami‚Ä¶
2020-10-15 19:30:08;1316823693247610886;N AGUENTO MAIS ESSA PORRA DE AULA ONLINE, VAI TOMAR NO CU MUNDO
2020-10-15 19:27:48;1316823105927630848;A parte triste de dar aula online √© que no dia dos professores n√£o tem nem um chocolatinho
2020-10-15 19:26:40;1316822819557310464;RT @dandamrl: Feliz dia dos professores galera!  Aproveita aquela aula online e participa, faz aqueles exerc√≠cios, da uma olhada no conte√∫d‚Ä¶
2020-10-15 19:26:11;1316822697318518786;RT @igorfsmoreira: O que √© que custa √†s pessoas despedirem-se dos professores antes de sair da aula online?
2020-10-15 19:24:06;1316822176167845889;Aula online desde mar√ßo a todo vapor, de zoom √† chamada de v√≠deo no Facebook, sendo super compreensivo quanto as no‚Ä¶ https://t.co/MdZrMysnBv
2020-10-15 19:19:59;1316821140866826240;RT @Vulgo_Deb: n√£o fiz apostila, n√£o fiz aula online, n√£o fiz cct nenhum kkkkkkkkkk. ü§¶üèª‚Äç‚ôÄÔ∏èü§¶üèª‚Äç‚ôÄÔ∏èü§¶üèª‚Äç‚ôÄÔ∏è
2020-10-15 19:19:32;1316821025909334018;"RT @danilo_bonini: pessoal to dando aula de viol√£o presencial (respeitando as normas de seguran√ßa) e online tamb√©m
divulga pra mim pfv e ca‚Ä¶"
2020-10-15 19:18:14;1316820698724274177;"E eu que fui cantar ""vai Luan"" com o microfone da aula online ligado kkkk o prof ainda falou q eu canto bem, mds q vergonha"
2020-10-15 19:17:48;1316820589647204352;e a prof que esqueceu da aula online
2020-10-15 19:17:04;1316820404166590468;Enquanto estou em uma aula online
2020-10-15 19:15:58;1316820128080723970;Slc mano, vou entrar na aula online do meu irm√£o e o tanto de pai que n√£o sabe escrever o b√°sico do portugu√™s √© incr√≠vel
2020-10-15 19:15:12;1316819935860056066;Esse clima e aula online n√£o combinam
